Text,Count,Weight
Park,29,0.039083558
Green,13,0.017520216
St,12,0.016172507
Manor,9,0.01212938
Hill,9,0.01212938
Grove,9,0.01212938
Terrace,9,0.01212938
Mews,8,0.010781671
Great,8,0.010781671
London,8,0.010781671
Station,8,0.010781671
Tunnel,7,0.009433962
Limehouse,7,0.009433962
Mill,7,0.009433962
Close,6,0.008086253
Square,6,0.008086253
Inner,6,0.008086253
Ring,6,0.008086253
Abbey,5,0.006738544
Gardens,5,0.006738544
Field,5,0.006738544
Downs,5,0.006738544
Vale,5,0.006738544
Bridge,5,0.006738544
Elmers,4,0.005390836
Common,4,0.005390836
York,4,0.005390836
Acton,4,0.005390836
Aerodrome,4,0.005390836
Battersea,4,0.005390836
Brighton,4,0.005390836
Broadway,4,0.005390836
Blow,4,0.005390836
Camley,4,0.005390836
Edward,4,0.005390836
Fusiliers,4,0.005390836
Gordon,4,0.005390836
Kingston,4,0.005390836
Moorhead,4,0.005390836
Shawbrooke,4,0.005390836
Wick,4,0.005390836
Wood,4,0.005390836
Dock,3,0.004043127
Oak,3,0.004043127
Bedford,3,0.004043127
Prince,3,0.004043127
Brent,3,0.004043127
Bunns,3,0.004043127
Calshot,3,0.004043127
Camden,3,0.004043127
Church,3,0.004043127
Collingwood,3,0.004043127
Culvert,3,0.004043127
Eleanor,3,0.004043127
Ferry,3,0.004043127
House,3,0.004043127
Row,3,0.004043127
Grosvenor,3,0.004043127
Latchmere,3,0.004043127
Lower,3,0.004043127
Riverside,3,0.004043127
Rotherhi,3,0.004043127
Royal,3,0.004043127
Salisbury,3,0.004043127
Anns,3,0.004043127
Approach,3,0.004043127
Thames,3,0.004043127
Three,3,0.004043127
Twyford,3,0.004043127
Union,3,0.004043127
Eden,2,0.002695418
India,2,0.002695418
Marsh,2,0.002695418
Paradise,2,0.002695418
Rainham,2,0.002695418
Richmond,2,0.002695418
Teddington,2,0.002695418
Alexandra,2,0.002695418
Balham,2,0.002695418
Barnsley,2,0.002695418
Barrington,2,0.002695418
Beckenham,2,0.002695418
Bickley,2,0.002695418
Birdbrook,2,0.002695418
Black,2,0.002695418
Blackwall,2,0.002695418
Bound,2,0.002695418
Bow,2,0.002695418
Brady,2,0.002695418
Bramley,2,0.002695418
Bromley,2,0.002695418
Buckhurst,2,0.002695418
Carpenters,2,0.002695418
Central,2,0.002695418
Challoner,2,0.002695418
Chamber,2,0.002695418
Chapel,2,0.002695418
Clapham,2,0.002695418
Coombe,2,0.002695418
Coventry,2,0.002695418
Crescent,2,0.002695418
Cricket,2,0.002695418
Cricklewood,2,0.002695418
Croham,2,0.002695418
Dagnall,2,0.002695418
Dalston,2,0.002695418
Eardley,2,0.002695418
Ern,2,0.002695418
Fairfield,2,0.002695418
Falcon,2,0.002695418
Fishers,2,0.002695418
Forest,2,0.002695418
Forty,2,0.002695418
Gate,2,0.002695418
Glasshill,2,0.002695418
Guildford,2,0.002695418
Suffolk,2,0.002695418
Greenford,2,0.002695418
Headstone,2,0.002695418
Hemming,2,0.002695418
Hinton,2,0.002695418
Hornsey,2,0.002695418
Hospital,2,0.002695418
Ruskin,2,0.002695418
Johnson,2,0.002695418
Kings,2,0.002695418
Kingsland,2,0.002695418
Kirkwood,2,0.002695418
Knatchbull,2,0.002695418
Langley,2,0.002695418
Leigham,2,0.002695418
Leman,2,0.002695418
Lewisham,2,0.002695418
Lombard,2,0.002695418
Wall,2,0.002695418
Long,2,0.002695418
Longmore,2,0.002695418
Marcon,2,0.002695418
Marine,2,0.002695418
Marshgate,2,0.002695418
Martello,2,0.002695418
Marys,2,0.002695418
Mcnair,2,0.002695418
Miles,2,0.002695418
Yard,2,0.002695418
Millstream,2,0.002695418
Pleasant,2,0.002695418
Olt,2,0.002695418
Ponsford,2,0.002695418
Pope's,2,0.002695418
Portland,2,0.002695418
Purley,2,0.002695418
Putney,2,0.002695418
Queenstown,2,0.002695418
Ratcliffe,2,0.002695418
Rotherhitunnel,2,0.002695418
College,2,0.002695418
Salamanca,2,0.002695418
Salter,2,0.002695418
Savoy,2,0.002695418
Selhurst,2,0.002695418
Selsdon,2,0.002695418
Seven,2,0.002695418
Sisters,2,0.002695418
Shand,2,0.002695418
Spring,2,0.002695418
Johns,2,0.002695418
Stanhope,2,0.002695418
Staples,2,0.002695418
Corner,2,0.002695418
Gyratory,2,0.002695418
Stewarts,2,0.002695418
Stoats,2,0.002695418
Nest,2,0.002695418
Stroud,2,0.002695418
Sussex,2,0.002695418
Sutherland,2,0.002695418
Sutton,2,0.002695418
Talbot,2,0.002695418
Thessaly,2,0.002695418
Colts,2,0.002695418
Thurlow,2,0.002695418
Tinworth,2,0.002695418
Trinity,2,0.002695418
Trundleys,2,0.002695418
Turnham,2,0.002695418
Upminster,2,0.002695418
Vallance,2,0.002695418
Victoria,2,0.002695418
Wark,2,0.002695418
Warton,2,0.002695418
Whites,2,0.002695418
Grounds,2,0.002695418
Whitgift,2,0.002695418
Wilton,2,0.002695418
Woolwich,2,0.002695418
Bank,1,0.001347709
Barnet,1,0.001347709
Ground,1,0.001347709
Lodge,1,0.001347709
Pole,1,0.001347709
Poultry,1,0.001347709
Wickham,1,0.001347709
Acacia,1,0.001347709
Adrian,1,0.001347709
Alleyn,1,0.001347709
Andrews,1,0.001347709
Argyle,1,0.001347709
Arklow,1,0.001347709
Arn,1,0.001347709
Assembly,1,0.001347709
Passage,1,0.001347709
Athlone,1,0.001347709
Austin,1,0.001347709
Friars,1,0.001347709
Balmoral,1,0.001347709
Barnabas,1,0.001347709
Baynes,1,0.001347709
Beaumont,1,0.001347709
Beck,1,0.001347709
Beehive,1,0.001347709
Bekesbourne,1,0.001347709
Belinda,1,0.001347709
Bellen,1,0.001347709
Bellfield,1,0.001347709
Berners,1,0.001347709
Betam,1,0.001347709
Bethwin,1,0.001347709
Bexhill,1,0.001347709
Bexley,1,0.001347709
Bideford,1,0.001347709
Bign,1,0.001347709
Birkbeck,1,0.001347709
Bittacy,1,0.001347709
Blakeney,1,0.001347709
Bocking,1,0.001347709
Bon,1,0.001347709
Marche,1,0.001347709
Boundaries,1,0.001347709
Boundary,1,0.001347709
Bounds,1,0.001347709
Bourdon,1,0.001347709
Bourne,1,0.001347709
Bower,1,0.001347709
Brayards,1,0.001347709
Breakspear,1,0.001347709
Bridford,1,0.001347709
Bridgwater,1,0.001347709
Brixton,1,0.001347709
Brockley,1,0.001347709
Bruce,1,0.001347709
Burnt,1,0.001347709
Ash,1,0.001347709
Bycroft,1,0.001347709
Cabul,1,0.001347709
Caledonian,1,0.001347709
Cambridge,1,0.001347709
Campbell,1,0.001347709
Cannon,1,0.001347709
Cantrell,1,0.001347709
Capworth,1,0.001347709
Carter,1,0.001347709
Charbour,1,0.001347709
Chaseley,1,0.001347709
Chenies,1,0.001347709
Chequers,1,0.001347709
Chislehurst,1,0.001347709
Christchurch,1,0.001347709
Christian,1,0.001347709
Churchfield,1,0.001347709
Churchill,1,0.001347709
Clinton,1,0.001347709
Coborn,1,0.001347709
Colne,1,0.001347709
Coppermill,1,0.001347709
Path,1,0.001347709
Cornwall,1,0.001347709
Cottage,1,0.001347709
Courtenay,1,0.001347709
Cox,1,0.001347709
Cranmer,1,0.001347709
Cranwell,1,0.001347709
Creekside,1,0.001347709
Crofton,1,0.001347709
Cromer,1,0.001347709
Croxted,1,0.001347709
Croydon,1,0.001347709
Private,1,0.001347709
Cumberland,1,0.001347709
Dagmar,1,0.001347709
Demesne,1,0.001347709
Denmark,1,0.001347709
Deodar,1,0.001347709
Deptford,1,0.001347709
Devonport,1,0.001347709
Devons,1,0.001347709
Digby,1,0.001347709
Donkey,1,0.001347709
Down,1,0.001347709
Hall,1,0.001347709
Drummond,1,0.001347709
Drysdale,1,0.001347709
Ealing,1,0.001347709
Eccleston,1,0.001347709
Edgware,1,0.001347709
Ell,1,0.001347709
Ellingfort,1,0.001347709
Elm,1,0.001347709
Elmcroft,1,0.001347709
Elmira,1,0.001347709
Elmstead,1,0.001347709
Empress,1,0.001347709
Ennersdale,1,0.001347709
Erconwald,1,0.001347709
Eversley,1,0.001347709
Exmouth,1,0.001347709
Ferndale,1,0.001347709
Fielding,1,0.001347709
Fleet,1,0.001347709
Fordmill,1,0.001347709
Forster,1,0.001347709
Frean,1,0.001347709
Freston,1,0.001347709
Frith,1,0.001347709
Frsbury,1,0.001347709
Gers,1,0.001347709
Gibbon,1,0.001347709
Gill,1,0.001347709
Glasshouse,1,0.001347709
Glencairn,1,0.001347709
Globe,1,0.001347709
Gough,1,0.001347709
Government,1,0.001347709
Grafton,1,0.001347709
Grange,1,0.001347709
Granville,1,0.001347709
Dragon,1,0.001347709
Greens,1,0.001347709
Grenade,1,0.001347709
Hainault,1,0.001347709
Hamilton,1,0.001347709
Hampden,1,0.001347709
Hardinge,1,0.001347709
Hare,1,0.001347709
Harrow,1,0.001347709
Harrowdene,1,0.001347709
Hatton,1,0.001347709
Havering,1,0.001347709
Hawkins,1,0.001347709
Heath,1,0.001347709
Hen,1,0.001347709
Hermitage,1,0.001347709
Holtwhites,1,0.001347709
Homesdale,1,0.001347709
Whipps,1,0.001347709
Howbury,1,0.001347709
Hows,1,0.001347709
Huddart,1,0.001347709
Huntsworth,1,0.001347709
Hurlingham,1,0.001347709
Hythe,1,0.001347709
Island,1,0.001347709
Jarrow,1,0.001347709
Jenkins,1,0.001347709
Joan,1,0.001347709
John,1,0.001347709
Joseph,1,0.001347709
Justin,1,0.001347709
Jutsums,1,0.001347709
Juxon,1,0.001347709
Kent,1,0.001347709
Kentish,1,0.001347709
Town,1,0.001347709
Kenworthy,1,0.001347709
Kerswell,1,0.001347709
Kilburn,1,0.001347709
King's,1,0.001347709
Kingsdown,1,0.001347709
Kingsley,1,0.001347709
Kingsway,1,0.001347709
Laburnum,1,0.001347709
Ladbroke,1,0.001347709
Lampton,1,0.001347709
Latimer,1,0.001347709
Lea,1,0.001347709
Leamore,1,0.001347709
Leaside,1,0.001347709
Lee,1,0.001347709
Lilford,1,0.001347709
Causeway,1,0.001347709
Lincoln,1,0.001347709
Little,1,0.001347709
Britain,1,0.001347709
Loampit,1,0.001347709
Lordship,1,0.001347709
Lorne,1,0.001347709
Loughborough,1,0.001347709
Robert,1,0.001347709
Lyndhurst,1,0.001347709
Lynx,1,0.001347709
Macdonald,1,0.001347709
Maiden,1,0.001347709
Malcolm,1,0.001347709
Malden,1,0.001347709
Farm,1,0.001347709
Mantle,1,0.001347709
Mare,1,0.001347709
Marlpit,1,0.001347709
Middleton,1,0.001347709
Minster,1,0.001347709
Mitre,1,0.001347709
Montague,1,0.001347709
Montrose,1,0.001347709
Moor,1,0.001347709
Mortgramit,1,0.001347709
Mortlake,1,0.001347709
Mount,1,0.001347709
Villas,1,0.001347709
Mulgrave,1,0.001347709
Neasden,1,0.001347709
Norwood,1,0.001347709
Nursery,1,0.001347709
Omeara,1,0.001347709
Orchard,1,0.001347709
Ordnance,1,0.001347709
Paddington,1,0.001347709
Taxi,1,0.001347709
Rank,1,0.001347709
Padfield,1,0.001347709
Parkside,1,0.001347709
Parsons,1,0.001347709
Pearson,1,0.001347709
Pembury,1,0.001347709
Penge,1,0.001347709
Pevensey,1,0.001347709
Pilgrim,1,0.001347709
Pitsea,1,0.001347709
Plough,1,0.001347709
Point,1,0.001347709
Popes,1,0.001347709
Poyser,1,0.001347709
Preb,1,0.001347709
Of,1,0.001347709
Wales,1,0.001347709
Queen,1,0.001347709
Elizabeth,1,0.001347709
Ramsay,1,0.001347709
Randolph,1,0.001347709
Ravensbourne,1,0.001347709
Raynes,1,0.001347709
Reading,1,0.001347709
Reigate,1,0.001347709
Rich,1,0.001347709
Robeson,1,0.001347709
Rollins,1,0.001347709
Rosale,1,0.001347709
Rounton,1,0.001347709
Route,1,0.001347709
Rye,1,0.001347709
Sail,1,0.001347709
Salter's,1,0.001347709
Sanderstead,1,0.001347709
Sandown,1,0.001347709
Sanford,1,0.001347709
Scoresby,1,0.001347709
Sebert,1,0.001347709
Seymour,1,0.001347709
Shakespeare,1,0.001347709
Sheepcote,1,0.001347709
Shirehall,1,0.001347709
Shoe,1,0.001347709
Shorts,1,0.001347709
Sidworth,1,0.001347709
Silchester,1,0.001347709
Skeltons,1,0.001347709
Smugglers,1,0.001347709
Spurstowe,1,0.001347709
James,1,0.001347709
Loys,1,0.001347709
Mark's,1,0.001347709
Mary's,1,0.001347709
Pancras,1,0.001347709
Stracey,1,0.001347709
Streatham,1,0.001347709
Strode,1,0.001347709
Studland,1,0.001347709
Swandon,1,0.001347709
Syon,1,0.001347709
Court,1,0.001347709
Telford,1,0.001347709
Tesco,1,0.001347709
Carpark,1,0.001347709
Ams,1,0.001347709
Side,1,0.001347709
Colt,1,0.001347709
Throwley,1,0.001347709
Thurston,1,0.001347709
Tiepigs,1,0.001347709
Townmead,1,0.001347709
Toynbee,1,0.001347709
Trussley,1,0.001347709
Tudor,1,0.001347709
Turkey,1,0.001347709
Unbrook,1,0.001347709
Urlwin,1,0.001347709
Vansittart,1,0.001347709
Vera,1,0.001347709
Village,1,0.001347709
Wagtail,1,0.001347709
Wallis,1,0.001347709
Wandsworth,1,0.001347709
Warburton,1,0.001347709
Warner,1,0.001347709
Waterson,1,0.001347709
Watney,1,0.001347709
Wedderburn,1,0.001347709
Wellington,1,0.001347709
Whatley,1,0.001347709
Whiston,1,0.001347709
White,1,0.001347709
Hart,1,0.001347709
Whitehall,1,0.001347709
Windermere,1,0.001347709
Windmill,1,0.001347709
Winston,1,0.001347709
Witan,1,0.001347709
Wolvercote,1,0.001347709
Woodgrange,1,0.001347709
Woodlands,1,0.001347709
Woodmansterne,1,0.001347709
